,film_id,rental_duration,replacement_cost,rental_count
count,958.0,958.0,958.0,958.0
mean,502.598121085595,4.969728601252609,20.05993736951983,16.747390396659707
std,287.54173796641425,1.407593279159996,6.059985256804486,6.676184570080756
min,1.0,3.0,9.99,4.0
10%,102.7,3.0,11.99,8.0
25%,256.25,4.0,14.99,11.0
50%,504.5,5.0,19.99,16.0
75%,751.75,6.0,24.99,22.0
90%,899.3000000000001,7.0,27.99,26.0
max,1000.0,7.0,29.99,34.0
