category,avg_replacement_cost
Sci-Fi,21.153934426229515
Drama,21.086774193548393
Classics,21.00754385964913
Action,20.911875000000006
Sports,20.395405405405413
Games,20.28508196721312
Animation,20.126363636363642
Children,20.056666666666672
Horror,19.865000000000006
Family,19.729130434782615
Documentary,19.622352941176477
Music,19.44098039215687
New,19.418571428571433
Travel,19.025087719298252
Comedy,19.024482758620696
Foreign,18.647534246575347
